"flnatureza";"nmprimeiro";"nmsegundo";"dscep";"dsdocumento"
2;"Julian";"Pereira";"77064-036";"462.529.001-50"
2;"Rafaela";"Melo";"58058-660";"931.273.382-60"
1;"Gabrielly";"Oliveira";"13905-162";"458.657.586-75"
1;"Marcos";"Pinto";"73005-082";"784.634.733-00"
2;"Isabelle";"Gomes";"21070-072";"912.011.392-79"
1;"Lavinia";"Almeida";"60744-820";"828.853.811-83"
1;"Gabriel";"Azevedo";"82620-230";"378.986.764-08"
2;"Thiago";"Souza";"24476-660";"442.966.578-87"
2;"Manuela";"Carvalho";"17512-870";"303.079.870-43"
1;"Breno";"Rocha";"13203-536";"654.135.812-54"
1;"Gabriel";"Rocha";"13409-009";"272.440.225-14"
2;"Cauã";"Oliveira";"72231-209";"554.831.074-70"
2;"Nicole";"Pinto";"68703-040";"399.099.679-79"
2;"Vitoria";"Correia";"18075-170";"113.373.019-14"
1;"Nicole";"Santos";"04445-080";"112.255.680-21"
2;"Matheus";"Almeida";"29100-810";"917.789.352-22"
1;"Samuel";"Correia";"35502-418";"306.456.363-71"
2;"Isabella";"Castro";"21815-205";"230.958.431-27"
1;"Sarah";"Cavalcanti";"20530-500";"730.396.027-99"
2;"Julian";"Azevedo";"04809-110";"213.673.480-64"
1;"Fernanda";"Goncalves";"74393-120";"654.767.912-80"
2;"Vitória";"Rodrigues";"86035-080";"854.408.527-00"